,familia,especie,dispersion,sist_sexual,polinizacion,tasacrecimiento,resprout_capacity
ABARRA,FABACEAE/MIM.,Abarema_racemiflora,AN,H,I,NA,20
ALCOFL,EUPHORBIACEAE,Alchorneopsis_floribunda,AN,D,I,4,60
AMPEMA,ULMACEAE,Ampelocera_macrocarpa,AN,H,I,1,20
ANDIIN,FABACEAE/PAP.,Andira_inermis,AN,H,I,3,20
ANNOMO,ANNONACEAE,Annona_montana,A,H,I,4,20
ARDIFI,MYRSINACEAE,Ardisia_fimbrillifera,AN,H,I,5,20
ASPISP,APOCYNACEAE,Aspidosperma_sp.,W,H,I,NA,NA
ASPI01,APOCYNACEAE,Aspidosperma_sp.01,W,H,I,NA,NA
ASPISR,APOCYNACEAE,Aspidosperma_spruceanum,W,H,I,6,NA
BEILCO,LAURACEAE,Beilschmiedia_costaricensis,AN,H,I,2,20
BEIL01,LAURACEAE,Beilschmiedia_sp.,AN,H,I,NA,20
BILLCO,HIPPOCASTANACEAE,Billia_colombiana,AN,H,I,3,20
BROSPA,MORACEAE,Brosimum_panamense,A,D,I,NA,NA
BYRSAR,MALPIGHIACEAE,Byrsonima_crispa,A,H,I,NA,40
BYRSSP,MALPIGHIACEAE,Byrsonima_sp.,AN,H,I,NA,40
CALTCO,ICACINACEAE,Calatola_costaricensis,AN,H,I,5,20
CALOBR,CLUSIACEAE,Calophyllum_brasiliense,AN,D,I,6,20
CARAGU,MELIACEAE,Carapa_guianensis,AN,M,I,6,20
CASESP,FLACOURTIACEAE,Casearia_sp.,AN,H,I,NA,40
CECRPE,CECROPIACEAE,Cecropia_peltata,AN,D,W,NA,20
CEDROD,MELIACEAE,Cedrela_odorata,W,M,I,2,60
CEIBPE,BOMBACACEAE,Ceiba_pentandra,W,H,MA,2,NA
CESPSA,OCHNACEAE,Cespedesia_macrophylla,H,I,W,NA,40
CHIMPA,RUBIACEAE,Chimarrhis_parviflora,W,H,I,3,40
CHRYCO,SAPOTACEAE,Chrysophyllum_colombianum,AN,M,I,6,20
CLETCO,CLETHRACEAE,Clethra_mexicana,W,H,I,NA,60
COCCTU,POLYGONACEAE,Coccoloba_tuerckheimii,AN,D,I,5,40
COJOCA,FABACEAE/MIM.,Cojoba_catenata/catenatum,A,H,UN,NA,NA
CONCPL,EUPHORBIACEAE,Conceveiba_pleiostemona,A,D,I,1,60
CONORU,MELASTOMATACEAE,Conostegia_rufescens,AN,H,I,NA,20
CORDBI,BORAGINACEAE,Cordia_bicolor,AN,H,I,6,20
CORDCY,BORAGINACEAE,Cordia_cymosa,AN,H,I,6,20
CORDLU,BORAGINACEAE,Cordia_lucidula,AN,H,I,3,20
CORDME,BORAGINACEAE,Cordia_megalantha,AN,H ,I,NA,20
CORDSP,BORAGINACEAE,Cordia_sp.,AN,H,I,NA,20
COUEPO,CHRYSOBALANACEAE,Couepia_polyandra,AN,H,I,6,NA
CROTSM,EUPHORBIACEAE,Croton_smithianus,A,M,I,2,20
CUPALI,SAPINDACEAE,Cupania_livida,AN,H,I,NA,20
CUPASP,SAPINDACEAE,Cupania_sp.,AN,H,I,NA,20
DENBBO,ICACINACEAE,Dendrobangia_boliviana,AN,H,I,1,20
DENDAR,ARALIACEAE,Dendropanax_arboreus,AN,D,I,5,60
DENDSP,ARALIACEAE,Dendropanax_sp.,AN,D,I,NA,60
DICHMO,DICHAPETALACEAE,Dichapetalum_morenoi,AN,H,I,NA,NA
DIPTPA,FABACEAE/PAP.,Dipteryx_panamensis,A,H,I,NA,40
DUSSMA,FABACEAE/PAP.,Dussia_macroprophyllata,AN,H,I,6,40
DUSS01,FABACEAE/PAP.,Dussia_sp.01,AN,H,I,NA,40
DUSS02,FABACEAE/PAP.,Dussia_sp.02,AN,H,I,NA,40
DYSTPA,CLUSIACEAE,Dystovomita_paniculata,AN,D,I,5,60
ELAEGL,SAPOTACEAE,Elaeoluma_glabrescens,AN,D,I,3,40
ESCHCA,LECYTHIDACEAE,Eschweilera_calyculata,AN,H,I,NA,20
ESCHIN,LECYTHIDACEAE,Eschweilera_integrifolia,AN,H,I,NA,20
ESCHLO,LECYTHIDACEAE,Eschweilera_longirachis,A,H,I,NA,20
ESCH01,LECYTHIDACEAE,Eschweilera_sp.01,A,H,I,NA,20
ESCH02,LECYTHIDACEAE,Eschweilera_sp.02,A,H,I,NA,20
ESCH03,LECYTHIDACEAE,Eschweilera_sp.03,A,H,I,NA,20
EUGE01,MYRTACEAE,Eugenia_sp.01,AN,H,I,NA,NA
EUTEPR,ARECACEAE,Euterpe_precatoria,AN,M,I,5,0
FICUSP,MORACEAE,Ficus_sp.,A,M,I,NA,20
GARCMA,CLUSIACEAE,Garcinia_madruno,AN,D,I,3,20
GARCSP,CLUSIACEAE,Garcinia_sp.,AN,D,I,NA,20
GOETME,TILIACEAE,Goethalsia_meiantha,W,H,I,2,40
GUARHO,MELIACEAE,Guarea_bullata,AN,D,I,5,40
GUARBU,MELIACEAE,Guarea_gentryi,AN,H,I,NA,40
GUARGE,MELIACEAE,Guarea_glabra,AN,D,I,5,40
GUARGL,MELIACEAE,Guarea_grandifolia,A,D,I,NA,40
GUARGR,MELIACEAE,Guarea_hoffmanniana,AN,H,I,NA,40
GUARKU,MELIACEAE,Guarea_kunthiana,AN,D,I,3,40
GUAR01,MELIACEAE,Guarea_sp.01,A,D,I,NA,40
GUAR02,MELIACEAE,Guarea_sp.02,A,D,I,NA,40
GUAR03,MELIACEAE,Guarea_sp.03,A,D,I,NA,40
GUATAE,ANNONACEAE,Guatteria_aeruginosa,A,H,I,6,20
GUATRE,ANNONACEAE,Guatteria_recurvisepala,A,H,I,1,20
HAMPAP,MALVACEAE,Hampea_appendiculata,AN,D,I,2,20
HERNDI,HERNANDIACEAE,Hernandia_didymantha,AN,M,I,1,40
HIRTME,CHRYSOBALANACEAE,Hirtella_media,AN,H,I,3,20
HIRTSP,CHRYSOBALANACEAE,Hirtella_sp.,AN,H,I,NA,NA
HIRTTR,CHRYSOBALANACEAE,Hirtella_triandra,AN,H,I,6,20
HUMIDI,HUMIRIACEAE,Humiriastrum_diguense,AN,H,I,6,NA
HYERAL,EUPHORBIACEAE,Hyeronima_alchorneoides,AN,D,I,1,20
HYEROB,EUPHORBIACEAE,Hyeronima_oblonga,AN,D,I,1,20
HYMEME,FABACEAE/PAP.,Hymenolobium_mesoamericanum,W,H,I,3,20
ILEXSK,AQUIFOLIACEAE,Ilex_skutchii,AN,D,I,3,NA
INGAOE,FABACEAE/MIM.,Inga_oerstediana,A,H,AV,NA,20
INGA01,FABACEAE/MIM.,Inga_sp.01,AN,H,AV,NA,20
INGA02,FABACEAE/MIM.,Inga_sp.02,AN,H,AV,NA,20
INGA03,FABACEAE/MIM.,Inga_sp.03,AN,H,AV,NA,20
INGA04,FABACEAE/MIM.,Inga_sp.04,AN,H,AV,NA,20
INGA05,FABACEAE/MIM.,Inga_sp.05,AN,H,AV,NA,20
INGA06,FABACEAE/MIM.,Inga_sp.06,AN,H,AV,NA,20
INGA07,FABACEAE/MIM.,Inga_sp.07,AN,H,AV,NA,20
INGA08,FABACEAE/MIM.,Inga_sp.08,AN,H,AV,NA,20
INGA09,FABACEAE/MIM.,Inga_sp.09,AN,H,AV,NA,20
INGA10,FABACEAE/MIM.,Inga_sp.10,AN,H,AV,NA,20
INGATH,FABACEAE/MIM.,Inga_thibaudiana/thiboudiana,A,H,AV,NA,20
IRIADE,ARECACEAE,Iriartea_deltoidea,AN,M,I,5,0
JACACO,BIGNONIACEAE,Jacaranda_copaia,W,H,I,4,60
JACTCO,CARICACEAE,Jacaratia_costaricensis,AN,D,I,5,20
LACMPA,APOCYNACEAE,Lacmellea_panamensis,AN,H,I,4,60
LACUPA,QUIINACEAE,Lacunaria_panamensis,AN,D,I,3,NA
LAETPR,FLACOURTIACEAE,Laetia_procera,AN,H,I,6,40
LECOAM,FABACEAE/PAP.,Lecointea_amazonica,AN,H,I,3,20
LECYAM,LECYTHIDACEAE,Lecythis_ampla,AN,H,I,4,20
LICNHY,CHRYSOBALANACEAE,Licania_hypoleuca,A,H,I,NA,NA
LONCFE,FABACEAE/PAP.,Lonchocarpus_ferrugineus,W,UN,I,NA,40
LONCSP,FABACEAE/PAP.,Lonchocarpus_sp.,W,H,I,NA,40
MACAMA,FLACOURTIACEAE,Macrohasseltia_macroterantha,W,H,I,NA,20
MACRCO,FABACEAE/CAES.,Macrolobium_costaricense,AN,H,I,5,20
MACRHA,FABACEAE/CAES.,Macrolobium_hartshornii,AN,NA,I,NA,20
MACRSP,FABACEAE/CAES.,Macrolobium_sp.,AN,H,I,NA,20
MANIST,SAPOTACEAE,Manilkara_chicle,AN,H,MA,NA,20
MANICH,SAPOTACEAE,Manilkara_staminodella,AN,H,I,NA,20
MANIZA,SAPOTACEAE,Manilkara_zapota,AN,H,I,NA,20
MARAPA,CHRYSOBALANACEAE,Maranthes_panamensis,AN,H,I,1,20
MARILA,CLUSIACEAE,Marila_laxiflora,W,H,I,3,20
MATASP,SAPINDACEAE,Matayba_sp.,AN ,P,I,NA,20
MICOMU,MELASTOMATACEAE,Miconia_multispicata,AN,H,I,1,20
MICRCR,SAPOTACEAE,Micropholis_crotonoides,AN,H,I,6,20
MINQGU,OLACACEAE,Minquartia_guianensis,AN,H,I,6,20
MORTAN,TILIACEAE,Mortoniodendron_anisophyllum,AN,H,I,NA,NA
MOURGL,MELASTOMATACEAE,Mouriri_gleasoniana,AN,H,I,5,20
NAUCNA,MORACEAE,Naucleopsis_naga,AN,D,I,5,40
NECTSP,LAURACEAE,Nectandra_sp.,AN,H,I,NA,20
OCOTAT,LAURACEAE,Ocotea_atirrensis,AN,H,I,3,20
OCOTIN,LAURACEAE,Ocotea_insularis,AN,D,I,1,20
OCOTMA,LAURACEAE,Ocotea_macropoda,AN,D,I,4,20
OCOTSP,LAURACEAE,Ocotea_sp.,AN,D,I,NA,20
ORMOCC,FABACEAE/PAP.,Ormosia_coccinea,A,H,I,3,NA
ORMOIN,FABACEAE/PAP.,Ormosia_intermedia,AN,H,I,NA,20
OTOBNO,MYRISTICACEAE,Otoba_novogranatensis,AN,D,I,6,40
PARATR,MYRSINACEAE,Parathesis_trychogyne,AN,H,I,3,20
PENTMA,FABACEAE/MIM.,Pentaclethra_macroloba,A,H,I,4,60
PERAAR,EUPHORBIACEAE,Pera_arborea,A,D,I,3,NA
POSOLA,RUBIACEAE,Posoqueria_latifolia,AN,H,I,5,20
POUTCA,SAPOTACEAE,Pouteria_calistophylla,AN,H,I,6,20
POUTCM,SAPOTACEAE,Pouteria_campechiana,AN,H,I,3,20
POUTFP,SAPOTACEAE,Pouteria_filipes,AN,D,I,6,20
POUTRE,SAPOTACEAE,Pouteria_reticulata,AN,H,I,6,20
POUTSI,SAPOTACEAE,Pouteria_silvestris,AN,H,I,NA,20
POUTSP,SAPOTACEAE,Pouteria_sp.,AN,H,I,NA,20
POUT01,SAPOTACEAE,Pouteria_sp.01,AN,H,I,NA,20
POUT02,SAPOTACEAE,Pouteria_sp.02,AN,H,I,NA,20
POUT03,SAPOTACEAE,Pouteria_sp.03,AN,H,I,NA,20
POUT04,SAPOTACEAE,Pouteria_sp.04,AN,H,I,NA,20
POUT05,SAPOTACEAE,Pouteria_sp.05,AN,H,I,NA,20
POUT06,SAPOTACEAE,Pouteria_sp.06,AN,H,I,NA,20
POUT07,SAPOTACEAE,Pouteria_sp.07,AN,H,I,NA,20
POUT08,SAPOTACEAE,Pouteria_sp.08,AN,H,I,NA,20
POUT09,SAPOTACEAE,Pouteria_sp.09,AN,H,I,NA,20
POUT10,SAPOTACEAE,Pouteria_sp.10,AN,H,I,NA,20
POUT11,SAPOTACEAE,Pouteria_sp.11,AN,H,I,NA,20
POUT12,SAPOTACEAE,Pouteria_sp.12,AN,H,I,NA,20
POUT13,SAPOTACEAE,Pouteria_sp.13,AN,H,I,NA,20
POUT14,SAPOTACEAE,Pouteria_sp.14,AN,H,I,NA,20
POUT15,SAPOTACEAE,Pouteria_sp.15,AN,H,I,NA,20
POUT16,SAPOTACEAE,Pouteria_sp.16,AN,H,I,NA,20
POUT17,SAPOTACEAE,Pouteria_sp.17,AN,H,I,NA,20
POUT18,SAPOTACEAE,Pouteria_sp.18,AN,H,I,NA,20
POUTTO,SAPOTACEAE,Pouteria_torta,AN,H,I,3,20
PRADAT,SAPOTACEAE,Pradosia_atroviolacea,AN,H,I,NA,20
PROTPA,BURSERACEAE,Protium_panamense,AN,D,I,1,20
PROTPI,BURSERACEAE,Protium_pittieri,AN,D,I,6,20
PROTRA,BURSERACEAE,Protium_ravenii,AN,D,I,6,20
PROTSC,BURSERACEAE,Protium_schippii,AN,D,I,3,20
PROTSP,BURSERACEAE,Protium_sp.,AN,D,I,NA,20
PSEUSU,MORACEAE,Pseudolmedia_spuria,AN,D,I,3,20
PTEROF,FABACEAE/PAP.,Pterocarpus_officinalis,W,H,I,NA,40
PTERRO,FABACEAE/PAP.,Pterocarpus_rohrii,W,H,I,6,40
QUALPO,VOCHYSIACEAE,Qualea_sp.,W,H,I,NA,40
QUARBR,BOMBACACEAE,Quararibea_bracteolosa,AN,H,MA,5,20
QUAROB,BOMBACACEAE,Quararibea_obliquifolia,AN,H,MA,5,20
RICHOB,EUPHORBIACEAE,Richeria_obovata,AN,D,I,4,20
ROLLPI,ANNONACEAE,Rollinia_pittieri,AN,H,I,6,20
SACOTR,HUMIRIACEAE,Sacoglottis_trichogyna,AN,H,I,1,20
SAPIGL,EUPHORBIACEAE,Sapium_glandulosum,AN,M,I,5,60
SAPIRI,EUPHORBIACEAE,Sapium_rigidifolium,A,H,I,NA,60
SAPISP,EUPHORBIACEAE,Sapium_sp.,AN,M,I,NA,60
SCLECO,FABACEAE/CAES.,Sclerolobium_costaricense,W,H,I,2,NA
SIMAAM,SIMAROUBACEAE,Simarouba_amara,AN,D,I,2,40
SLOAGU,ELAEOCARPACEAE,Sloanea_guianensis,AN,H,I,NA,20
SLOAMI,ELAEOCARPACEAE,Sloanea_meianthera,AN,H,I,NA,20
SLOARU,ELAEOCARPACEAE,Sloanea_rugosa,AN,H,I,NA,20
SLOASP,ELAEOCARPACEAE,Sloanea_sp.,AN,H,I,NA,20
SOCREX,ARECACEAE,Socratea_exorrhiza,AN,M,I,5,0
SPACCO,MALPIGHIACEAE,Spachea_correae,W,H,I,1,20
SPONMO,ANACARDIACEAE,Spondias_mombin,A,M,I,NA,60
STEPCO,DICHAPETALACEAE,Stephanopodium_costaricense,AN,H,I,NA,NA
STERRE,STERCULIACEAE,Sterculia_recordiana,AN,M,I,6,40
STRYMI,FABACEAE/MIM.,Stryphnodendron_microstachyum,AN,H,I,4,40
SWARSP,FABACEAE/PAP.,Swartzia_sp.,AN,H,I,NA,20
TABECH,BIGNONIACEAE,Tabebuia_chrysantha,W,H,I,NA,NA
TABRAL,APOCYNACEAE,Tabernaemontana_alba,AN,H,I,NA,20
PESCAR,APOCYNACEAE,Tabernaemontana_arborea,AN,H,I,NA,20
TALAGL,MAGNOLIACEAE,Talauma_gloriensis,AN,H,I,3,20
TAPUGU,DICHAPETALACEAE,Tapura_guianensis,AN,H,I,5,NA
TERMAM,COMBRETACEAE,Terminalia_amazonia,W,H,I,6,100
TERMBU,COMBRETACEAE,Terminalia_bucidoides,W,H,I,2,NA
TERMOL,COMBRETACEAE,Terminalia_oblonga,W,H,I,2,NA
TERMSP,COMBRETACEAE,Terminalia_sp.,W,H,I,NA,NA
TETRPA,BURSERACEAE,Tetragastris_panamensis,AN,D,I,6,20
THEOAN,STERCULIACEAE,Theobroma_angustifolium,AN,H,I,5,40
THEOSP,STERCULIACEAE,Theobroma_sp.,AN,H,I,NA,40
UNONPI,ANNONACEAE,Unonopsis_pittieri,AN,H,I,5,NA
UNONSP,ANNONACEAE,Unonopsis_sp.,AN,H,I,NA,NA
VANTOC,HUMIRIACEAE,Vantanea_barbourii,AN,H,I,NA,20
VATALU,FABACEAE/PAP.,Vatairea_lundellii,W,H,I,4,20
VIROKO,MYRISTICACEAE,Virola_koschnyi,AN,D,I,4,40
VIROMU,MYRISTICACEAE,Virola_multiflora,AN,D,I,4,40
VIROSE,MYRISTICACEAE,Virola_sebifera,AN,D,I,1,40
VIROSP,MYRISTICACEAE,Virola_sp.,A,D,I,NA,40
VITECO,VERBENACEAE,Vitex_cooperi,AN,H,I,3,20
VOCHAL,VOCHYSIACEAE,Vochysia_allenii,W,H,I,NA,40
VOCHFE,VOCHYSIACEAE,Vochysia_ferruginea,W,H,I,2,40
VOCHGU,VOCHYSIACEAE,Vochysia_guatemalensis,W,H,I,NA,40
WELFRE,ARECACEAE,Welfia_regia,AN,M,I,5,0
XYLOSE,ANNONACEAE,Xylopia_sericophylla,AN,H,I,1,NA
ZANTPA,RUTACEAE,Zanthoxylum_panamense,A,D,I,NA,20
ZYGISP,FABACEAE/MIM.,Zygia_sp.,AN,H,I,NA,20
